bar_id,bar_name,address,lat,lng,rating,beer_price_draft,beer_price_bottle,cocktail_price,low_drink_price,high_drink_price,vibe_raw,vibe_tags,party_score,classy_score,sports_score,dive_score,cocktail_score,dancing_score,chill_score,loud_score,google_maps_url,source_url,is_active,needs_review,review_flags,notes,place_id,google_rating,review_count,avg_cost,vibe_consolidated,matched_name,google_address,match_distance_m,match_flags,untrusted,bayesian_score,validation_status
two_doors_down,Two Doors Down,"159 E Houston Street, New York, NY 10002",40.722858,-73.9891098,4.3,9.0,8.0,18.0,8.0,18.0,Upscale,classy|cocktail|chill,0,90,0,0,65,0,50,0,https://www.google.com/maps/search/?api=1&query=Two+Doors+Down%2C+159+E+Houston+Street%2C+New+York%2C+NY+10002,https://www.google.com/maps/search/?api=1&query=Two+Doors+Down%2C+159+E+Houston+Street%2C+New+York%2C+NY+10002,true,False,,,ChIJn4jsxcJZwokRQYZkTGbsZrk,4.3,163,13.0,classy|chill,Two Doors Down,"159 E Houston St, New York, NY 10002, USA",0.0,,False,4.3118,OK
bar_goto,Bar Goto,"245 Eldridge Street, New York, NY 10002",40.7227802,-73.9898899,4.6,,9.0,17.0,9.0,17.0,Upscale,classy|cocktail|chill,0,90,0,0,65,0,50,0,https://www.google.com/maps/search/?api=1&query=Bar+Goto%2C+245+Eldridge+Street%2C+New+York%2C+NY+10002,https://www.google.com/maps/search/?api=1&query=Bar+Goto%2C+245+Eldridge+Street%2C+New+York%2C+NY+10002,true,False,,,ChIJYYa4bIRZwokRfF05m4Pogfw,4.6,700,13.0,classy|chill,BAR GOTO,"245 Eldridge St, New York, NY 10002, USA",0.0,,False,4.4877,OK
bar_revival,Bar Revival,"161 Ludlow Street, New York, NY 10002",40.72143,-73.98778,4.8,9.5,8.0,16.5,8.0,16.5,Chill,chill,0,40,0,0,0,0,95,0,https://www.google.com/maps/search/?api=1&query=Bar+Revival%2C+161+Ludlow+Street%2C+New+York%2C+NY+10002,https://www.google.com/maps/search/?api=1&query=Bar+Revival%2C+161+Ludlow+Street%2C+New+York%2C+NY+10002,true,False,,,ChIJi7he5vpZwokRpyaPR5yZplY,4.8,215,12.25,chill,Bar Revival,"161 Ludlow St, New York, NY 10002, USA",18.8,,False,4.4706,OK
mr_purple,Mr. Purple,"180 Orchard Street, 15th Floor, New York, NY 10002",40.721741,-73.988103,4.1,,,20.0,20.0,20.0,Party,party|dancing|loud,95,0,0,0,0,55,0,80,https://www.google.com/maps/search/?api=1&query=Mr.+Purple%2C+180+Orchard+Street%2C+15th+Floor%2C+New+York%2C+NY+10002,https://www.google.com/maps/search/?api=1&query=Mr.+Purple%2C+180+Orchard+Street%2C+15th+Floor%2C+New+York%2C+NY+10002,true,False,,,ChIJsWUw5YNZwokR141Cz0g9XSw,4.1,3189,20.0,party,Mr. Purple,"180 Orchard St 15th floor, New York, NY 10002, USA",0.0,,False,4.1271,OK
loreley_beer_garden,Loreley Beer Garden,"7 Rivington Street, New York, NY 10002",40.7212299,-73.9928725,4.2,11.0,8.25,20.0,8.25,20.0,Dancing,party|dancing|loud,85,0,0,0,0,90,0,80,https://www.google.com/maps/search/?api=1&query=Loreley+Beer+Garden%2C+7+Rivington+Street%2C+New+York%2C+NY+10002,https://www.google.com/maps/search/?api=1&query=Loreley+Beer+Garden%2C+7+Rivington+Street%2C+New+York%2C+NY+10002,true,False,,,ChIJhV1tboZZwokRCNghkde1e2w,4.2,2002,14.12,party,Loreley Beer Garden,"7 Rivington St, New York, NY 10002, USA",0.0,,False,4.2216,OK
copper_and_oak,Copper & Oak,"157 Allen Street, New York, NY 10002",40.7210466,-73.9897297,4.8,,,20.0,20.0,20.0,Cocktail Bar,classy|cocktail|chill,0,65,0,0,95,0,55,0,https://www.google.com/maps/search/?api=1&query=Copper+%26+Oak%2C+157+Allen+Street%2C+New+York%2C+NY+10002,https://www.google.com/maps/search/?api=1&query=Copper+%26+Oak%2C+157+Allen+Street%2C+New+York%2C+NY+10002,true,False,,,ChIJ-wCrpYZZwokRy-OUpzP1ex0,4.8,369,20.0,classy|chill,Copper & Oak,"157 Allen St, New York, NY 10002, USA",0.0,,False,4.532,OK
tigre,Tigre,"105 Rivington Street, New York, NY 10002",40.7199544,-73.9881952,4.4,,,28.0,28.0,28.0,Cocktail Bar,classy|cocktail|chill,0,65,0,0,95,0,55,0,https://www.google.com/maps/search/?api=1&query=Tigre%2C+105+Rivington+Street%2C+New+York%2C+NY+10002,https://www.google.com/maps/search/?api=1&query=Tigre%2C+105+Rivington+Street%2C+New+York%2C+NY+10002,true,False,,,ChIJG4KsHWhZwokRy8XeIPr63_8,4.4,345,28.0,classy|chill,Tigre,"105 Rivington St, New York, NY 10002, USA",12.5,,False,4.3521,OK
subject_a_cocktail_bar,Subject: A Cocktail Bar,"188 Suffolk Street, New York, NY 10002",40.7214738,-73.9845704,4.6,,12.0,22.0,12.0,22.0,Cocktail Bar,classy|cocktail|chill,0,65,0,0,95,0,55,0,https://www.google.com/maps/search/?api=1&query=Subject%3A+A+Cocktail+Bar%2C+188+Suffolk+Street%2C+New+York%2C+NY+10002,https://www.google.com/maps/search/?api=1&query=Subject%3A+A+Cocktail+Bar%2C+188+Suffolk+Street%2C+New+York%2C+NY+10002,true,False,,Address typo corrected from '188 Sufflok Street'.,ChIJ98DPPIJZwokRLqsdDDnOPs8,4.6,398,17.0,classy|chill,Subject: A Cocktail Bar,"188 Suffolk St, New York, NY 10002, USA",0.0,,False,4.448,OK
parkside_lounge,Parkside Lounge,"317 East Houston Street, New York, NY 10002",40.720894,-73.983655,4.2,6.65,7.25,11.0,6.65,11.0,Dive Bar / Live Music,party|dive|loud,65,0,0,85,0,0,0,85,https://www.google.com/maps/search/?api=1&query=Parkside+Lounge%2C+317+East+Houston+Street%2C+New+York%2C+NY+10002,https://www.google.com/maps/search/?api=1&query=Parkside+Lounge%2C+317+East+Houston+Street%2C+New+York%2C+NY+10002,true,True,duplicate_bar,Deduplicated: active row merged more specific Parkside price data and map link from duplicate entry.,ChIJv2vIB4JZwokRQbbrk0W6I88,4.2,298,8.82,party|dive,Parkside Lounge,"317 E Houston St, New York, NY 10002, USA",38.2,,False,4.2703,OK
nurse_bettie,Nurse Bettie,"106 Norfolk Street, New York, NY 10002",40.7188798,-73.9870095,4.2,,,16.0,16.0,16.0,Dancing / Live Music,party|dancing|loud,85,0,0,0,0,90,30,80,https://www.google.com/maps/search/?api=1&query=Nurse+Bettie%2C+106+Norfolk+Street%2C+New+York%2C+NY+10002,https://www.google.com/maps/search/?api=1&query=Nurse+Bettie%2C+106+Norfolk+Street%2C+New+York%2C+NY+10002,true,False,,ZIP corrected from '1002' to '10002'; vibe spelling corrected from 'Danceing'.,ChIJLVsGHIFZwokRjE7iQPpJ4Lk,4.5,458,16.0,party,Nurse Bettie Cocktail Bar,"106 Norfolk St, New York, NY 10002, USA",2.3,,False,4.258,OK
the_back_room,The Back Room,"102 Norfolk Street, New York, NY 10002",40.7187626,-73.9870042,4.2,8.0,8.0,16.0,8.0,16.0,Cocktail / Live Music,party|cocktail|loud,60,0,0,0,80,0,0,75,https://www.google.com/maps/search/?api=1&query=The+Back+Room%2C+102+Norfolk+Street%2C+New+York%2C+NY+10002,https://www.google.com/maps/search/?api=1&query=The+Back+Room%2C+102+Norfolk+Street%2C+New+York%2C+NY+10002,true,False,,Vibe standardized from Cocktails/ Live Music.,ChIJnY19HoFZwokRfs9FwDLVRKw,4.2,2021,12.0,party|classy,The Back Room,"102 Norfolk St, New York, NY 10002, USA",0.0,,False,4.2214,OK
attaboy,Attaboy,"134 Eldridge Street, New York, NY 10002",40.718909,-73.991477,4.2,,,20.0,20.0,20.0,Chill / Cocktail,cocktail|chill,0,0,0,0,85,0,80,0,https://www.google.com/maps/search/?api=1&query=Attaboy%2C+134+Eldridge+Street%2C+New+York%2C+NY+10002,https://www.google.com/maps/search/?api=1&query=Attaboy%2C+134+Eldridge+Street%2C+New+York%2C+NY+10002,true,False,,Address formatting corrected from '134 Eldridgestreet'.,ChIJDbQMBIdZwokRVS4L8B8V5SA,4.2,1979,20.0,classy|chill,Attaboy,"134 Eldridge St, New York, NY 10002, USA",8.7,,False,4.2218,OK
the_delancey_rooftop,The Delancey Rooftop,"168 Delancey Street, New York, NY 10002",40.718,-73.9853,4.1,,,20.0,20.0,20.0,Nightclub,party|dancing|loud,95,0,0,0,0,90,0,90,https://www.google.com/maps/search/?api=1&query=The+Delancey+Rooftop%2C+168+Delancey+Street%2C+New+York%2C+NY+10002,https://www.google.com/maps/search/?api=1&query=The+Delancey+Rooftop%2C+168+Delancey+Street%2C+New+York%2C+NY+10002,true,False,,Address typo corrected from '168 Delancy Street'.,ChIJC5CfUYBZwokR-EDRy1grj50,4.1,2364,20.0,party,The Delancey Rooftop,"168 Delancey St, New York, NY 10002, USA",3.3,,False,4.1351,OK
bar_valentina,Bar Valentina,"85 Orchard Street, New York, NY 10002",40.717756,-73.990112,4.2,9.0,,14.75,9.0,14.75,Chill,chill,0,40,0,0,0,0,95,0,https://www.google.com/maps/search/?api=1&query=Bar+Valentina%2C+85+Orchard+Street%2C+New+York%2C+NY+10002,https://www.google.com/maps/search/?api=1&query=Bar+Valentina%2C+85+Orchard+Street%2C+New+York%2C+NY+10002,true,False,,,ChIJX0vosYxZwokRtY2bPmyVmRQ,4.2,150,11.88,chill,Bar Valentina,"85 Orchard St, New York, NY 10002, USA",38.3,,False,4.2874,OK
reception_bar,Reception Bar,"45 Orchard Street, New York, NY 10002",40.71633,-73.99127,4.4,,,15.5,15.5,15.5,Chill / Dancing,party|dancing|chill|loud,85,40,0,0,0,90,95,80,https://www.google.com/maps/search/?api=1&query=Reception+Bar%2C+45+Orchard+Street%2C+New+York%2C+NY+10002,https://www.google.com/maps/search/?api=1&query=Reception+Bar%2C+45+Orchard+Street%2C+New+York%2C+NY+10002,true,False,,Address punctuation standardized.,ChIJV8leYltbwokRj0VpRTF8wqk,4.4,380,15.5,party|chill,Reception Bar,"45 Orchard St, New York, NY 10002, USA",8.0,,False,4.3541,OK
bar_belly,Bar Belly,"14B Orchard Street, New York, NY 10002",40.71535,-73.99146,4.5,,8.0,14.0,8.0,14.0,Chill / Cocktail,cocktail|chill,0,0,0,0,85,0,80,0,https://www.google.com/maps/search/?api=1&query=Bar+Belly%2C+14B+Orchard+Street%2C+New+York%2C+NY+10002,https://www.google.com/maps/search/?api=1&query=Bar+Belly%2C+14B+Orchard+Street%2C+New+York%2C+NY+10002,true,False,,Vibe spacing standardized.,ChIJ5T2ntSlawokRZpwIhBG3oxM,4.5,780,11.0,classy|chill,Bar Belly,"14B Orchard St, New York, NY 10002, USA",27.9,,False,4.4319,OK
le_dive,Le Dive,"37 Canal Street, New York, NY 10002",40.7148,-73.99092,4.0,,,17.0,17.0,17.0,Wine Bar,classy|cocktail|chill,0,75,0,0,55,0,80,0,https://www.google.com/maps/search/?api=1&query=Le+Dive%2C+37+Canal+Street%2C+New+York%2C+NY+10002,https://www.google.com/maps/search/?api=1&query=Le+Dive%2C+37+Canal+Street%2C+New+York%2C+NY+10002,true,False,,Beer draft value standardized to N/A.,ChIJo4XQ00RbwokRomqfPVik1s4,4.0,354,17.0,classy|chill,Le Dive,"37 Canal St, New York, NY 10002, USA",4.9,,False,4.1782,OK
169_bar,169 Bar,"169 East Broadway, New York, NY 10002",40.71379,-73.989011,4.1,,,16.0,16.0,16.0,Dive Bar / Live Music,party|dive|loud,65,0,0,85,0,0,0,85,https://www.google.com/maps/search/?api=1&query=169+Bar%2C+169+East+Broadway%2C+New+York%2C+NY+10002,https://www.google.com/maps/search/?api=1&query=169+Bar%2C+169+East+Broadway%2C+New+York%2C+NY+10002,true,False,,Vibe spacing standardized.,ChIJVeXRdylawokRJYXkLU8yMpE,4.1,1261,16.0,party|dive,169 Bar,"169 E Broadway, New York, NY 10002, USA",60.9,,False,4.1575,OK
clockwork_bar,Clockwork Bar,"21 Essex Street, New York, NY 10002",40.7154003,-73.9900687,4.4,6.0,7.0,13.0,6.0,13.0,Dive Bar / Live Music,party|dive|loud,65,0,0,85,0,0,0,85,https://www.google.com/maps/search/?api=1&query=Clockwork+Bar%2C+21+Essex+Street%2C+New+York%2C+NY+10002,https://www.google.com/maps/search/?api=1&query=Clockwork+Bar%2C+21+Essex+Street%2C+New+York%2C+NY+10002,true,False,,Vibe spacing standardized.,ChIJmxI56ylawokRPgtOK2SUNjs,4.4,516,9.5,party|dive,Clockwork Bar,"21 Essex St, New York, NY 10002, USA",0.0,,False,4.3605,OK
welcome_to_the_johnsons,Welcome to the Johnsons,"123 Rivington Street, New York, NY 10002",40.720084,-73.986611,4.3,5.0,5.0,14.0,5.0,14.0,Dive Bar,party|dive|loud,55,0,0,95,0,0,0,60,https://www.google.com/maps/search/?api=1&query=Welcome+to+the+Johnsons%2C+123+Rivington+Street%2C+New+York%2C+NY+10002,https://www.google.com/maps/search/?api=1&query=Welcome+to+the+Johnsons%2C+123+Rivington+Street%2C+New+York%2C+NY+10002,true,False,,Address punctuation standardized.,ChIJD5T-FIFZwokRKLQDKrQ68-0,4.3,421,9.5,party|dive,Welcome To The Johnsons,"123 Rivington St, New York, NY 10002, USA",74.4,,False,4.3083,OK
double_down_saloon,Double Down Saloon,"14 Avenue A, New York, NY 10009",40.722516,-73.985741,4.3,7.0,6.0,,6.0,7.0,Dive Bar,party|dive|loud,55,0,0,95,0,0,0,60,https://www.google.com/maps/search/?api=1&query=Double+Down+Saloon%2C+14+Avenue+A%2C+New+York%2C+NY+10009,https://www.google.com/maps/search/?api=1&query=Double+Down+Saloon%2C+14+Avenue+A%2C+New+York%2C+NY+10009,true,True,,Name corrected from 'Doubvle Down Salon'; address formatting corrected. Verify venue inclusion because it is just outside LES core.,ChIJRZhgTIJZwokR5ZRVoHE3tlw,4.3,623,6.5,party|dive,Double Down Saloon,"14 Avenue A, New York, NY 10009, USA",0.0,,False,4.3068,OK
iggys_keltic_lounge,Iggy's Keltic Lounge,"132 Ludlow Street, New York, NY 10002",40.720176,-73.988555,4.3,6.0,7.25,11.75,6.0,11.75,Dive Bar,party|dive|loud,55,0,0,95,0,0,0,60,https://www.google.com/maps/search/?api=1&query=Iggy%27s+Keltic+Lounge%2C+132+Ludlow+Street%2C+New+York%2C+NY+10002,https://www.google.com/maps/search/?api=1&query=Iggy%27s+Keltic+Lounge%2C+132+Ludlow+Street%2C+New+York%2C+NY+10002,true,False,,,ChIJRQ3FSYFZwokR2DDAV3gHPrk,4.3,459,8.88,party|dive,Iggy's Keltic Lounge,"132 Ludlow St, New York, NY 10002, USA",43.6,,False,4.308,OK
parkside_lounge_duplicate,Parkside Lounge,"317 East Houston Street, New York, NY 10002",40.720894,-73.983655,4.2,6.65,7.25,11.0,6.65,11.0,Dive Bar / Live Music,party|dive|loud,65,0,0,85,0,0,0,85,https://www.google.com/maps/search/?api=1&query=Parkside+Lounge%2C+317+East+Houston+Street%2C+New+York%2C+NY+10002,https://www.google.com/maps/search/?api=1&query=Parkside+Lounge%2C+317+East+Houston+Street%2C+New+York%2C+NY+10002,false,True,deactivated_duplicate|duplicate_bar,Duplicate of parkside_lounge; set inactive after merging better price/map data into active Parkside row.,ChIJv2vIB4JZwokRQbbrk0W6I88,4.2,298,8.82,party|dive,Parkside Lounge,"317 E Houston St, New York, NY 10002, USA",38.2,,False,4.2703,OK
lucky_jacks,Lucky Jack's,"129 Orchard Street, New York, NY 10002",40.7196,-73.989411,4.3,,,13.45,13.45,13.45,Dive Bar / Live Music,party|dive|loud,65,0,0,85,0,0,0,85,https://www.google.com/maps/search/?api=1&query=Lucky+Jack%27s%2C+129+Orchard+Street%2C+New+York%2C+NY+10002,https://www.google.com/maps/search/?api=1&query=Lucky+Jack%27s%2C+129+Orchard+Street%2C+New+York%2C+NY+10002,true,False,,Vibe spelling standardized from Divebar/ Live Music.,ChIJi4-Uz4ZZwokRNTECo_4FKvs,4.3,436,13.45,party|dive,Lucky Jack's,"129 Orchard St, New York, NY 10002, USA",24.1,,False,4.3082,OK
rays,Ray's,"177 Chrystie Street, New York, NY 10002",40.72112,-73.9925,4.2,5.2,6.25,10.25,5.2,10.25,Live Music,party|loud,65,0,0,0,0,0,30,80,https://www.google.com/maps/search/?api=1&query=Ray%27s%2C+177+Chrystie+Street%2C+New+York%2C+NY+10002,https://www.google.com/maps/search/?api=1&query=Ray%27s%2C+177+Chrystie+Street%2C+New+York%2C+NY+10002,true,False,,Address corrected from '177 Christies Street' and ZIP corrected from '1002'.,ChIJKavF4jxZwokRph6HhofCKJY,4.2,502,7.72,party,Ray’s,"177 Chrystie St, New York, NY 10002, USA",6.9,,False,4.2553,OK
bonnie_vee,Bonnie Vee,"17 Stanton Street, New York, NY 10002",40.722011,-73.992526,4.2,8.25,7.25,15.0,7.25,15.0,Chill,chill,0,40,0,0,0,0,95,0,https://www.google.com/maps/search/?api=1&query=Bonnie+Vee%2C+17+Stanton+Street%2C+New+York%2C+NY+10002,https://www.google.com/maps/search/?api=1&query=Bonnie+Vee%2C+17+Stanton+Street%2C+New+York%2C+NY+10002,true,False,,Address punctuation standardized.,ChIJ8xsd0oVZwokR4xG-3Q5lBX4,4.2,216,11.12,chill,Bonnie Vee,"17 Stanton St, New York, NY 10002, USA",53.2,,False,4.2788,OK
juke_box,Juke Box,"169 2nd Avenue, New York, NY 10003",40.730313,-73.986368,4.5,7.4,6.8,15.5,6.8,15.5,Cocktail Bar,classy|cocktail|chill,0,65,0,0,95,0,55,0,https://www.google.com/maps/search/?api=1&query=Juke+Box%2C+169+2nd+Avenue%2C+New+York%2C+NY+10003,https://www.google.com/maps/search/?api=1&query=Juke+Box%2C+169+2nd+Avenue%2C+New+York%2C+NY+10003,false,True,,Verify venue identity/address before routing; input venue appears outside LES core.,ChIJVVFXLaJbwokRJY6nPUbQeJo,4.7,6,11.15,classy|chill,New York Jukebox,"934 Dean St, Brooklyn, NY 11238, USA",6240.6,location_mismatch_6241m,False,4.3184,OK
arlenes_grocery,Arlene's Grocery,"95 Stanton Street, New York, NY 10002",40.72125,-73.98833,4.4,,,,,,Live Music,party|loud,65,0,0,0,0,0,30,80,https://www.google.com/maps/search/?api=1&query=Arlene%27s+Grocery%2C+95+Stanton+Street%2C+New+York%2C+NY+10002,https://www.google.com/maps/search/?api=1&query=Arlene%27s+Grocery%2C+95+Stanton+Street%2C+New+York%2C+NY+10002,false,True,missing_price_data,Prices are unknown; avoid in cheapest route until price data is collected.,ChIJJU9H_YNZwokRraufOH6MCfM,4.4,1025,,party,Arlene's Grocery,"95 Stanton St, New York, NY 10002, USA",5.0,,False,4.3741,missing_avg_cost
