bar_id,bar_name,address,lat,lng,rating,beer_price_draft,beer_price_bottle,cocktail_price,low_drink_price,high_drink_price,vibe_raw,vibe_tags,party_score,classy_score,sports_score,dive_score,cocktail_score,dancing_score,chill_score,loud_score,google_maps_url,source_url,is_active,needs_review,review_flags,notes
two_doors_down,Two Doors Down,"159 E Houston Street, New York, NY 10002",40.722858,-73.9891098,4.3,9,8,18,8,18,Upscale,classy|cocktail|chill,0,90,0,0,65,0,50,0,https://www.google.com/maps/search/?api=1&query=Two+Doors+Down%2C+159+E+Houston+Street%2C+New+York%2C+NY+10002,https://www.google.com/maps/search/?api=1&query=Two+Doors+Down%2C+159+E+Houston+Street%2C+New+York%2C+NY+10002,true,false,,
bar_goto,Bar Goto,"245 Eldridge Street, New York, NY 10002",40.7227802,-73.9898899,4.6,,9,17,9,17,Upscale,classy|cocktail|chill,0,90,0,0,65,0,50,0,https://www.google.com/maps/search/?api=1&query=Bar+Goto%2C+245+Eldridge+Street%2C+New+York%2C+NY+10002,https://www.google.com/maps/search/?api=1&query=Bar+Goto%2C+245+Eldridge+Street%2C+New+York%2C+NY+10002,true,false,,
bar_revival,Bar Revival,"161 Ludlow Street, New York, NY 10002",40.72143,-73.98778,4.8,9.5,8,16.5,8,16.5,Chill,chill,0,40,0,0,0,0,95,0,https://www.google.com/maps/search/?api=1&query=Bar+Revival%2C+161+Ludlow+Street%2C+New+York%2C+NY+10002,https://www.google.com/maps/search/?api=1&query=Bar+Revival%2C+161+Ludlow+Street%2C+New+York%2C+NY+10002,true,false,,
mr_purple,Mr. Purple,"180 Orchard Street, 15th Floor, New York, NY 10002",40.721741,-73.988103,4.1,,,20,20,20,Party,party|dancing|loud,95,0,0,0,0,55,0,80,https://www.google.com/maps/search/?api=1&query=Mr.+Purple%2C+180+Orchard+Street%2C+15th+Floor%2C+New+York%2C+NY+10002,https://www.google.com/maps/search/?api=1&query=Mr.+Purple%2C+180+Orchard+Street%2C+15th+Floor%2C+New+York%2C+NY+10002,true,false,,
loreley_beer_garden,Loreley Beer Garden,"7 Rivington Street, New York, NY 10002",40.7212299,-73.9928725,4.2,11,8.25,20,8.25,20,Dancing,party|dancing|loud,85,0,0,0,0,90,0,80,https://www.google.com/maps/search/?api=1&query=Loreley+Beer+Garden%2C+7+Rivington+Street%2C+New+York%2C+NY+10002,https://www.google.com/maps/search/?api=1&query=Loreley+Beer+Garden%2C+7+Rivington+Street%2C+New+York%2C+NY+10002,true,false,,
copper_and_oak,Copper & Oak,"157 Allen Street, New York, NY 10002",40.7210466,-73.9897297,4.8,,,20,20,20,Cocktail Bar,classy|cocktail|chill,0,65,0,0,95,0,55,0,https://www.google.com/maps/search/?api=1&query=Copper+%26+Oak%2C+157+Allen+Street%2C+New+York%2C+NY+10002,https://www.google.com/maps/search/?api=1&query=Copper+%26+Oak%2C+157+Allen+Street%2C+New+York%2C+NY+10002,true,false,,
tigre,Tigre,"105 Rivington Street, New York, NY 10002",40.7199544,-73.9881952,4.4,,,28,28,28,Cocktail Bar,classy|cocktail|chill,0,65,0,0,95,0,55,0,https://www.google.com/maps/search/?api=1&query=Tigre%2C+105+Rivington+Street%2C+New+York%2C+NY+10002,https://www.google.com/maps/search/?api=1&query=Tigre%2C+105+Rivington+Street%2C+New+York%2C+NY+10002,true,false,,
subject_a_cocktail_bar,Subject: A Cocktail Bar,"188 Suffolk Street, New York, NY 10002",40.7214738,-73.9845704,4.6,,12,22,12,22,Cocktail Bar,classy|cocktail|chill,0,65,0,0,95,0,55,0,https://www.google.com/maps/search/?api=1&query=Subject%3A+A+Cocktail+Bar%2C+188+Suffolk+Street%2C+New+York%2C+NY+10002,https://www.google.com/maps/search/?api=1&query=Subject%3A+A+Cocktail+Bar%2C+188+Suffolk+Street%2C+New+York%2C+NY+10002,true,false,,Address typo corrected from '188 Sufflok Street'.
parkside_lounge,Parkside Lounge,"317 East Houston Street, New York, NY 10002",40.720894,-73.983655,4.2,6.65,7.25,11,6.65,11,Dive Bar / Live Music,party|dive|loud,65,0,0,85,0,0,0,85,https://www.google.com/maps/search/?api=1&query=Parkside+Lounge%2C+317+East+Houston+Street%2C+New+York%2C+NY+10002,https://www.google.com/maps/search/?api=1&query=Parkside+Lounge%2C+317+East+Houston+Street%2C+New+York%2C+NY+10002,true,true,duplicate_bar,Deduplicated: active row merged more specific Parkside price data and map link from duplicate entry.
nurse_bettie,Nurse Bettie,"106 Norfolk Street, New York, NY 10002",40.7188798,-73.9870095,4.2,,,16,16,16,Dancing / Live Music,party|dancing|loud,85,0,0,0,0,90,30,80,https://www.google.com/maps/search/?api=1&query=Nurse+Bettie%2C+106+Norfolk+Street%2C+New+York%2C+NY+10002,https://www.google.com/maps/search/?api=1&query=Nurse+Bettie%2C+106+Norfolk+Street%2C+New+York%2C+NY+10002,true,false,,ZIP corrected from '1002' to '10002'; vibe spelling corrected from 'Danceing'.
the_back_room,The Back Room,"102 Norfolk Street, New York, NY 10002",40.7187626,-73.9870042,4.2,8,8,16,8,16,Cocktail / Live Music,party|cocktail|loud,60,0,0,0,80,0,0,75,https://www.google.com/maps/search/?api=1&query=The+Back+Room%2C+102+Norfolk+Street%2C+New+York%2C+NY+10002,https://www.google.com/maps/search/?api=1&query=The+Back+Room%2C+102+Norfolk+Street%2C+New+York%2C+NY+10002,true,false,,Vibe standardized from Cocktails/ Live Music.
attaboy,Attaboy,"134 Eldridge Street, New York, NY 10002",40.718909,-73.991477,4.2,,,20,20,20,Chill / Cocktail,cocktail|chill,0,0,0,0,85,0,80,0,https://www.google.com/maps/search/?api=1&query=Attaboy%2C+134+Eldridge+Street%2C+New+York%2C+NY+10002,https://www.google.com/maps/search/?api=1&query=Attaboy%2C+134+Eldridge+Street%2C+New+York%2C+NY+10002,true,false,,Address formatting corrected from '134 Eldridgestreet'.
the_delancey_rooftop,The Delancey Rooftop,"168 Delancey Street, New York, NY 10002",40.718,-73.9853,4.1,,,20,20,20,Nightclub,party|dancing|loud,95,0,0,0,0,90,0,90,https://www.google.com/maps/search/?api=1&query=The+Delancey+Rooftop%2C+168+Delancey+Street%2C+New+York%2C+NY+10002,https://www.google.com/maps/search/?api=1&query=The+Delancey+Rooftop%2C+168+Delancey+Street%2C+New+York%2C+NY+10002,true,false,,Address typo corrected from '168 Delancy Street'.
bar_valentina,Bar Valentina,"85 Orchard Street, New York, NY 10002",40.717756,-73.990112,4.2,9,,14.75,9,14.75,Chill,chill,0,40,0,0,0,0,95,0,https://www.google.com/maps/search/?api=1&query=Bar+Valentina%2C+85+Orchard+Street%2C+New+York%2C+NY+10002,https://www.google.com/maps/search/?api=1&query=Bar+Valentina%2C+85+Orchard+Street%2C+New+York%2C+NY+10002,true,false,,
reception_bar,Reception Bar,"45 Orchard Street, New York, NY 10002",40.71633,-73.99127,4.4,,,15.5,15.5,15.5,Chill / Dancing,party|dancing|chill|loud,85,40,0,0,0,90,95,80,https://www.google.com/maps/search/?api=1&query=Reception+Bar%2C+45+Orchard+Street%2C+New+York%2C+NY+10002,https://www.google.com/maps/search/?api=1&query=Reception+Bar%2C+45+Orchard+Street%2C+New+York%2C+NY+10002,true,false,,Address punctuation standardized.
bar_belly,Bar Belly,"14B Orchard Street, New York, NY 10002",40.71535,-73.99146,4.5,,8,14,8,14,Chill / Cocktail,cocktail|chill,0,0,0,0,85,0,80,0,https://www.google.com/maps/search/?api=1&query=Bar+Belly%2C+14B+Orchard+Street%2C+New+York%2C+NY+10002,https://www.google.com/maps/search/?api=1&query=Bar+Belly%2C+14B+Orchard+Street%2C+New+York%2C+NY+10002,true,false,,Vibe spacing standardized.
le_dive,Le Dive,"37 Canal Street, New York, NY 10002",40.7148,-73.99092,4,,,17,17,17,Wine Bar,classy|cocktail|chill,0,75,0,0,55,0,80,0,https://www.google.com/maps/search/?api=1&query=Le+Dive%2C+37+Canal+Street%2C+New+York%2C+NY+10002,https://www.google.com/maps/search/?api=1&query=Le+Dive%2C+37+Canal+Street%2C+New+York%2C+NY+10002,true,false,,Beer draft value standardized to N/A.
169_bar,169 Bar,"169 East Broadway, New York, NY 10002",40.71379,-73.989011,4.1,,,16,16,16,Dive Bar / Live Music,party|dive|loud,65,0,0,85,0,0,0,85,https://www.google.com/maps/search/?api=1&query=169+Bar%2C+169+East+Broadway%2C+New+York%2C+NY+10002,https://www.google.com/maps/search/?api=1&query=169+Bar%2C+169+East+Broadway%2C+New+York%2C+NY+10002,true,false,,Vibe spacing standardized.
clockwork_bar,Clockwork Bar,"21 Essex Street, New York, NY 10002",40.7154003,-73.9900687,4.4,6,7,13,6,13,Dive Bar / Live Music,party|dive|loud,65,0,0,85,0,0,0,85,https://www.google.com/maps/search/?api=1&query=Clockwork+Bar%2C+21+Essex+Street%2C+New+York%2C+NY+10002,https://www.google.com/maps/search/?api=1&query=Clockwork+Bar%2C+21+Essex+Street%2C+New+York%2C+NY+10002,true,false,,Vibe spacing standardized.
welcome_to_the_johnsons,Welcome to the Johnsons,"123 Rivington Street, New York, NY 10002",40.720084,-73.986611,4.3,5,5,14,5,14,Dive Bar,party|dive|loud,55,0,0,95,0,0,0,60,https://www.google.com/maps/search/?api=1&query=Welcome+to+the+Johnsons%2C+123+Rivington+Street%2C+New+York%2C+NY+10002,https://www.google.com/maps/search/?api=1&query=Welcome+to+the+Johnsons%2C+123+Rivington+Street%2C+New+York%2C+NY+10002,true,false,,Address punctuation standardized.
double_down_saloon,Double Down Saloon,"14 Avenue A, New York, NY 10009",40.722516,-73.985741,4.3,7,6,,6,7,Dive Bar,party|dive|loud,55,0,0,95,0,0,0,60,https://www.google.com/maps/search/?api=1&query=Double+Down+Saloon%2C+14+Avenue+A%2C+New+York%2C+NY+10009,https://www.google.com/maps/search/?api=1&query=Double+Down+Saloon%2C+14+Avenue+A%2C+New+York%2C+NY+10009,true,true,,Name corrected from 'Doubvle Down Salon'; address formatting corrected. Verify venue inclusion because it is just outside LES core.
iggys_keltic_lounge,Iggy's Keltic Lounge,"132 Ludlow Street, New York, NY 10002",40.720176,-73.988555,4.3,6,7.25,11.75,6,11.75,Dive Bar,party|dive|loud,55,0,0,95,0,0,0,60,https://www.google.com/maps/search/?api=1&query=Iggy%27s+Keltic+Lounge%2C+132+Ludlow+Street%2C+New+York%2C+NY+10002,https://www.google.com/maps/search/?api=1&query=Iggy%27s+Keltic+Lounge%2C+132+Ludlow+Street%2C+New+York%2C+NY+10002,true,false,,
parkside_lounge_duplicate,Parkside Lounge,"317 East Houston Street, New York, NY 10002",40.720894,-73.983655,4.2,6.65,7.25,11,6.65,11,Dive Bar / Live Music,party|dive|loud,65,0,0,85,0,0,0,85,https://www.google.com/maps/search/?api=1&query=Parkside+Lounge%2C+317+East+Houston+Street%2C+New+York%2C+NY+10002,https://www.google.com/maps/search/?api=1&query=Parkside+Lounge%2C+317+East+Houston+Street%2C+New+York%2C+NY+10002,false,true,deactivated_duplicate|duplicate_bar,Duplicate of parkside_lounge; set inactive after merging better price/map data into active Parkside row.
lucky_jacks,Lucky Jack's,"129 Orchard Street, New York, NY 10002",40.7196,-73.989411,4.3,,,13.45,13.45,13.45,Dive Bar / Live Music,party|dive|loud,65,0,0,85,0,0,0,85,https://www.google.com/maps/search/?api=1&query=Lucky+Jack%27s%2C+129+Orchard+Street%2C+New+York%2C+NY+10002,https://www.google.com/maps/search/?api=1&query=Lucky+Jack%27s%2C+129+Orchard+Street%2C+New+York%2C+NY+10002,true,false,,Vibe spelling standardized from Divebar/ Live Music.
rays,Ray's,"177 Chrystie Street, New York, NY 10002",40.72112,-73.9925,4.2,5.2,6.25,10.25,5.2,10.25,Live Music,party|loud,65,0,0,0,0,0,30,80,https://www.google.com/maps/search/?api=1&query=Ray%27s%2C+177+Chrystie+Street%2C+New+York%2C+NY+10002,https://www.google.com/maps/search/?api=1&query=Ray%27s%2C+177+Chrystie+Street%2C+New+York%2C+NY+10002,true,false,,Address corrected from '177 Christies Street' and ZIP corrected from '1002'.
bonnie_vee,Bonnie Vee,"17 Stanton Street, New York, NY 10002",40.722011,-73.992526,4.2,8.25,7.25,15,7.25,15,Chill,chill,0,40,0,0,0,0,95,0,https://www.google.com/maps/search/?api=1&query=Bonnie+Vee%2C+17+Stanton+Street%2C+New+York%2C+NY+10002,https://www.google.com/maps/search/?api=1&query=Bonnie+Vee%2C+17+Stanton+Street%2C+New+York%2C+NY+10002,true,false,,Address punctuation standardized.
juke_box,Juke Box,"169 2nd Avenue, New York, NY 10003",40.730313,-73.986368,4.5,7.4,6.8,15.5,6.8,15.5,Cocktail Bar,classy|cocktail|chill,0,65,0,0,95,0,55,0,https://www.google.com/maps/search/?api=1&query=Juke+Box%2C+169+2nd+Avenue%2C+New+York%2C+NY+10003,https://www.google.com/maps/search/?api=1&query=Juke+Box%2C+169+2nd+Avenue%2C+New+York%2C+NY+10003,true,true,,Verify venue identity/address before routing; input venue appears outside LES core.
arlenes_grocery,Arlene's Grocery,"95 Stanton Street, New York, NY 10002",40.72125,-73.98833,4.4,,,,,,Live Music,party|loud,65,0,0,0,0,0,30,80,https://www.google.com/maps/search/?api=1&query=Arlene%27s+Grocery%2C+95+Stanton+Street%2C+New+York%2C+NY+10002,https://www.google.com/maps/search/?api=1&query=Arlene%27s+Grocery%2C+95+Stanton+Street%2C+New+York%2C+NY+10002,true,true,missing_price_data,Prices are unknown; avoid in cheapest route until price data is collected.
